id,user_profile_id,post_id,content
1,35,91,felis fusce posuere felis sed lacus morbi sem mauris laoreet ut rhoncus aliquet pulvinar
2,96,53,amet nunc viverra dapibus nulla suscipit ligula in lacus curabitur at ipsum ac tellus semper interdum mauris ullamcorper purus sit
3,66,38,lorem id ligula suspendisse ornare consequat lectus in est risus auctor sed tristique in tempus sit amet
4,26,67,justo sit amet sapien dignissim vestibulum vestibulum ante ipsum primis in faucibus orci luctus et ultrices posuere
5,90,64,in ante vestibulum ante ipsum primis in faucibus orci luctus et ultrices posuere cubilia curae duis
6,22,10,eleifend pede libero quis orci nullam molestie nibh in lectus pellentesque at nulla suspendisse potenti cras in purus
7,19,48,fusce congue diam id ornare imperdiet sapien urna pretium nisl ut
8,23,18,sed tincidunt eu felis fusce posuere felis sed lacus morbi sem mauris laoreet ut rhoncus aliquet
9,42,11,accumsan tellus nisi eu orci mauris lacinia sapien quis libero nullam sit amet turpis elementum ligula vehicula consequat morbi a
10,25,81,odio curabitur convallis duis consequat dui nec nisi volutpat eleifend donec ut dolor morbi vel lectus in quam fringilla rhoncus
11,12,29,arcu adipiscing molestie hendrerit at vulputate vitae nisl aenean lectus pellentesque eget nunc donec quis orci eget
12,55,20,sit amet nulla quisque arcu libero rutrum ac lobortis vel dapibus
13,43,48,pede justo eu massa donec dapibus duis at velit eu est congue
14,81,79,habitasse platea dictumst maecenas ut massa quis augue luctus tincidunt
15,43,39,donec posuere metus vitae ipsum aliquam non mauris morbi non lectus aliquam sit amet diam
16,50,23,congue risus semper porta volutpat quam pede lobortis ligula sit amet eleifend pede libero
17,63,20,ut odio cras mi pede malesuada in imperdiet et commodo
18,31,2,adipiscing elit proin risus praesent lectus vestibulum quam sapien varius ut blandit
19,29,87,amet consectetuer adipiscing elit proin interdum mauris non ligula pellentesque ultrices phasellus
20,49,56,amet consectetuer adipiscing elit proin risus praesent lectus vestibulum quam
21,78,39,rutrum nulla tellus in sagittis dui vel nisl duis ac nibh fusce
22,40,34,platea dictumst aliquam augue quam sollicitudin vitae consectetuer eget rutrum at lorem integer tincidunt ante vel ipsum praesent
23,23,91,vulputate vitae nisl aenean lectus pellentesque eget nunc donec quis
24,65,43,vulputate nonummy maecenas tincidunt lacus at velit vivamus vel nulla eget eros elementum
25,58,42,suspendisse potenti nullam porttitor lacus at turpis donec posuere metus vitae ipsum aliquam non mauris morbi
26,60,40,vel augue vestibulum ante ipsum primis in faucibus orci luctus et ultrices posuere cubilia curae donec pharetra magna vestibulum
27,11,44,quisque porta volutpat erat quisque erat eros viverra eget congue eget semper rutrum nulla nunc purus phasellus in felis donec
28,74,21,justo in hac habitasse platea dictumst etiam faucibus cursus urna ut tellus nulla
29,53,31,turpis adipiscing lorem vitae mattis nibh ligula nec sem duis aliquam convallis nunc proin at turpis a pede
30,1,47,lectus vestibulum quam sapien varius ut blandit non interdum in ante vestibulum ante ipsum primis in faucibus orci
31,97,48,lacus at turpis donec posuere metus vitae ipsum aliquam non mauris morbi non
32,19,51,quis turpis eget elit sodales scelerisque mauris sit amet eros suspendisse accumsan tortor quis turpis
33,28,54,ac nulla sed vel enim sit amet nunc viverra dapibus nulla suscipit
34,47,67,ante ipsum primis in faucibus orci luctus et ultrices posuere cubilia curae mauris viverra diam vitae quam
35,90,16,cubilia curae donec pharetra magna vestibulum aliquet ultrices erat tortor sollicitudin mi sit amet lobortis sapien sapien non mi
36,92,55,sapien non mi integer ac neque duis bibendum morbi non quam nec dui luctus rutrum nulla tellus
37,57,64,luctus cum sociis natoque penatibus et magnis dis parturient montes
38,90,58,convallis duis consequat dui nec nisi volutpat eleifend donec ut
39,26,86,massa id nisl venenatis lacinia aenean sit amet justo morbi ut odio cras mi pede malesuada in
40,48,6,donec posuere metus vitae ipsum aliquam non mauris morbi non lectus aliquam sit amet diam in magna bibendum
41,67,18,sagittis nam congue risus semper porta volutpat quam pede lobortis ligula sit amet
42,87,32,sit amet sapien dignissim vestibulum vestibulum ante ipsum primis in faucibus orci luctus et ultrices posuere cubilia curae
43,46,88,id turpis integer aliquet massa id lobortis convallis tortor risus
44,36,33,ipsum aliquam non mauris morbi non lectus aliquam sit amet diam in magna
45,91,46,donec diam neque vestibulum eget vulputate ut ultrices vel augue vestibulum ante ipsum primis in
46,31,91,nulla ut erat id mauris vulputate elementum nullam varius nulla facilisi cras non velit nec nisi vulputate nonummy maecenas tincidunt
47,34,21,quis tortor id nulla ultrices aliquet maecenas leo odio condimentum
48,7,73,imperdiet et commodo vulputate justo in blandit ultrices enim lorem ipsum dolor sit
49,96,32,commodo placerat praesent blandit nam nulla integer pede justo lacinia eget tincidunt eget tempus vel pede morbi porttitor lorem id
50,6,21,consectetuer eget rutrum at lorem integer tincidunt ante vel ipsum praesent
51,57,61,faucibus orci luctus et ultrices posuere cubilia curae donec pharetra
52,47,27,sapien iaculis congue vivamus metus arcu adipiscing molestie hendrerit at vulputate vitae nisl aenean
53,79,19,primis in faucibus orci luctus et ultrices posuere cubilia curae donec pharetra magna
54,100,15,non velit nec nisi vulputate nonummy maecenas tincidunt lacus at velit
55,63,68,mauris non ligula pellentesque ultrices phasellus id sapien in sapien
56,20,52,in purus eu magna vulputate luctus cum sociis natoque penatibus et
57,35,52,volutpat dui maecenas tristique est et tempus semper est quam pharetra magna ac
58,97,9,lorem quisque ut erat curabitur gravida nisi at nibh in hac habitasse platea dictumst aliquam augue quam sollicitudin
59,78,17,nam ultrices libero non mattis pulvinar nulla pede ullamcorper augue a suscipit nulla
60,60,98,nullam sit amet turpis elementum ligula vehicula consequat morbi a ipsum integer a
61,6,50,donec diam neque vestibulum eget vulputate ut ultrices vel augue vestibulum ante ipsum primis in faucibus orci luctus et ultrices
62,81,21,risus praesent lectus vestibulum quam sapien varius ut blandit non interdum in ante
63,20,1,sit amet eleifend pede libero quis orci nullam molestie nibh in lectus pellentesque at nulla suspendisse potenti cras
64,25,58,amet nulla quisque arcu libero rutrum ac lobortis vel dapibus at diam nam tristique tortor eu pede
65,39,1,justo sollicitudin ut suscipit a feugiat et eros vestibulum ac est lacinia nisi venenatis tristique fusce
66,53,41,id ornare imperdiet sapien urna pretium nisl ut volutpat sapien arcu sed
67,2,54,in felis eu sapien cursus vestibulum proin eu mi nulla ac enim in tempor turpis nec euismod scelerisque quam
68,6,55,tristique fusce congue diam id ornare imperdiet sapien urna pretium nisl ut volutpat
69,42,7,rhoncus sed vestibulum sit amet cursus id turpis integer aliquet massa id lobortis convallis tortor
70,37,46,mattis egestas metus aenean fermentum donec ut mauris eget massa tempor convallis nulla
71,10,82,rutrum nulla nunc purus phasellus in felis donec semper sapien a libero nam dui proin leo odio porttitor id consequat
72,45,39,dapibus duis at velit eu est congue elementum in hac habitasse platea dictumst
73,9,73,eget eleifend luctus ultricies eu nibh quisque id justo sit amet sapien dignissim vestibulum vestibulum ante ipsum
74,38,51,vestibulum ante ipsum primis in faucibus orci luctus et ultrices posuere cubilia
75,78,5,in hac habitasse platea dictumst morbi vestibulum velit id pretium iaculis diam erat fermentum justo nec condimentum
76,5,27,ipsum primis in faucibus orci luctus et ultrices posuere cubilia curae nulla dapibus dolor vel
77,44,70,justo aliquam quis turpis eget elit sodales scelerisque mauris sit amet eros suspendisse accumsan tortor quis turpis
78,15,77,vitae nisi nam ultrices libero non mattis pulvinar nulla pede ullamcorper
79,91,17,consequat dui nec nisi volutpat eleifend donec ut dolor morbi vel
80,53,66,condimentum curabitur in libero ut massa volutpat convallis morbi odio odio elementum eu
81,32,29,eu tincidunt in leo maecenas pulvinar lobortis est phasellus sit
82,65,100,odio porttitor id consequat in consequat ut nulla sed accumsan felis ut at dolor quis odio consequat varius
83,54,61,libero ut massa volutpat convallis morbi odio odio elementum eu
84,75,34,nec euismod scelerisque quam turpis adipiscing lorem vitae mattis nibh
85,71,84,eget nunc donec quis orci eget orci vehicula condimentum curabitur in
86,94,74,mauris viverra diam vitae quam suspendisse potenti nullam porttitor lacus at turpis donec posuere
87,84,51,et magnis dis parturient montes nascetur ridiculus mus etiam vel augue vestibulum rutrum rutrum neque aenean auctor
88,31,23,ligula nec sem duis aliquam convallis nunc proin at turpis a pede posuere
89,38,94,in consequat ut nulla sed accumsan felis ut at dolor quis odio consequat
90,35,77,tellus semper interdum mauris ullamcorper purus sit amet nulla quisque arcu libero rutrum ac lobortis vel dapibus
91,77,17,hac habitasse platea dictumst morbi vestibulum velit id pretium iaculis diam erat fermentum justo nec condimentum
92,22,5,lorem id ligula suspendisse ornare consequat lectus in est risus auctor sed tristique in
93,26,23,ligula in lacus curabitur at ipsum ac tellus semper interdum mauris
94,73,74,ut nulla sed accumsan felis ut at dolor quis odio consequat varius integer ac leo pellentesque ultrices
95,56,99,nulla justo aliquam quis turpis eget elit sodales scelerisque mauris sit amet eros suspendisse accumsan
96,48,74,enim leo rhoncus sed vestibulum sit amet cursus id turpis integer aliquet massa id
97,48,47,dolor morbi vel lectus in quam fringilla rhoncus mauris enim leo rhoncus
98,17,4,erat id mauris vulputate elementum nullam varius nulla facilisi cras non velit
99,94,31,convallis eget eleifend luctus ultricies eu nibh quisque id justo sit amet sapien dignissim vestibulum vestibulum ante
100,24,4,volutpat convallis morbi odio odio elementum eu interdum eu tincidunt in leo maecenas
