id,user_profile_id,content
1,71,aliquet massa id lobortis convallis tortor risus dapibus augue vel
2,29,aenean auctor gravida sem praesent id massa id nisl venenatis lacinia aenean sit amet justo morbi ut odio cras
3,62,sagittis nam congue risus semper porta volutpat quam pede lobortis ligula sit amet
4,87,orci luctus et ultrices posuere cubilia curae donec pharetra magna vestibulum
5,13,quam fringilla rhoncus mauris enim leo rhoncus sed vestibulum sit amet cursus id turpis integer aliquet massa
6,95,curabitur gravida nisi at nibh in hac habitasse platea dictumst aliquam
7,78,hac habitasse platea dictumst morbi vestibulum velit id pretium iaculis diam erat fermentum
8,81,at velit eu est congue elementum in hac habitasse platea dictumst morbi
9,38,luctus nec molestie sed justo pellentesque viverra pede ac diam cras pellentesque volutpat dui maecenas
10,77,posuere cubilia curae donec pharetra magna vestibulum aliquet ultrices erat tortor sollicitudin
11,68,nulla tempus vivamus in felis eu sapien cursus vestibulum proin eu mi nulla ac
12,38,varius integer ac leo pellentesque ultrices mattis odio donec vitae nisi nam ultrices libero non
13,97,pharetra magna vestibulum aliquet ultrices erat tortor sollicitudin mi sit amet lobortis sapien
14,75,metus arcu adipiscing molestie hendrerit at vulputate vitae nisl aenean lectus pellentesque eget nunc donec quis orci eget orci
15,92,mauris ullamcorper purus sit amet nulla quisque arcu libero rutrum ac lobortis vel dapibus at diam nam tristique tortor
16,26,tincidunt eu felis fusce posuere felis sed lacus morbi sem mauris laoreet ut rhoncus
17,78,luctus et ultrices posuere cubilia curae mauris viverra diam vitae quam suspendisse potenti nullam
18,46,orci pede venenatis non sodales sed tincidunt eu felis fusce posuere felis sed lacus morbi sem mauris laoreet
19,77,consequat morbi a ipsum integer a nibh in quis justo maecenas rhoncus aliquam lacus morbi quis tortor id nulla
20,81,amet sem fusce consequat nulla nisl nunc nisl duis bibendum felis sed interdum venenatis turpis enim blandit
21,49,nulla nunc purus phasellus in felis donec semper sapien a
22,85,nisi at nibh in hac habitasse platea dictumst aliquam augue quam sollicitudin vitae consectetuer
23,58,erat vestibulum sed magna at nunc commodo placerat praesent blandit nam nulla integer pede justo lacinia eget tincidunt eget
24,56,primis in faucibus orci luctus et ultrices posuere cubilia curae duis faucibus accumsan odio curabitur convallis
25,11,duis aliquam convallis nunc proin at turpis a pede posuere nonummy integer non velit donec diam neque vestibulum eget vulputate
26,81,sapien arcu sed augue aliquam erat volutpat in congue etiam justo etiam pretium iaculis justo in
27,13,vitae mattis nibh ligula nec sem duis aliquam convallis nunc proin at
28,49,gravida sem praesent id massa id nisl venenatis lacinia aenean sit amet justo morbi ut odio cras mi
29,50,in libero ut massa volutpat convallis morbi odio odio elementum
30,61,elementum ligula vehicula consequat morbi a ipsum integer a nibh in
31,16,pellentesque ultrices mattis odio donec vitae nisi nam ultrices libero non mattis pulvinar
32,40,at turpis a pede posuere nonummy integer non velit donec diam neque vestibulum eget vulputate
33,8,aliquet ultrices erat tortor sollicitudin mi sit amet lobortis sapien sapien non mi integer ac neque duis bibendum morbi non
34,15,sed nisl nunc rhoncus dui vel sem sed sagittis nam congue
35,95,tincidunt lacus at velit vivamus vel nulla eget eros elementum pellentesque quisque porta
36,33,varius ut blandit non interdum in ante vestibulum ante ipsum primis in
37,35,justo morbi ut odio cras mi pede malesuada in imperdiet et commodo
38,33,vulputate justo in blandit ultrices enim lorem ipsum dolor sit amet consectetuer adipiscing elit proin interdum mauris non
39,60,integer pede justo lacinia eget tincidunt eget tempus vel pede morbi
40,36,lacinia erat vestibulum sed magna at nunc commodo placerat praesent blandit nam nulla integer pede justo lacinia eget tincidunt
41,8,orci luctus et ultrices posuere cubilia curae donec pharetra magna vestibulum aliquet ultrices erat tortor
42,16,consequat in consequat ut nulla sed accumsan felis ut at dolor quis odio consequat varius integer ac leo pellentesque ultrices
43,40,nullam molestie nibh in lectus pellentesque at nulla suspendisse potenti cras in purus eu
44,41,et ultrices posuere cubilia curae mauris viverra diam vitae quam suspendisse
45,69,turpis sed ante vivamus tortor duis mattis egestas metus aenean fermentum donec ut mauris eget massa tempor convallis nulla
46,22,nisl ut volutpat sapien arcu sed augue aliquam erat volutpat in congue etiam justo etiam pretium iaculis justo in
47,20,justo pellentesque viverra pede ac diam cras pellentesque volutpat dui maecenas tristique est et tempus semper est quam
48,72,mi integer ac neque duis bibendum morbi non quam nec dui luctus
49,74,felis sed interdum venenatis turpis enim blandit mi in porttitor
50,75,aenean auctor gravida sem praesent id massa id nisl venenatis lacinia aenean sit
51,73,mus etiam vel augue vestibulum rutrum rutrum neque aenean auctor
52,36,sit amet erat nulla tempus vivamus in felis eu sapien cursus vestibulum proin
53,31,interdum in ante vestibulum ante ipsum primis in faucibus orci luctus et ultrices posuere cubilia
54,81,vel augue vestibulum ante ipsum primis in faucibus orci luctus et ultrices posuere cubilia
55,4,ultrices posuere cubilia curae mauris viverra diam vitae quam suspendisse potenti nullam
56,15,praesent blandit lacinia erat vestibulum sed magna at nunc commodo placerat praesent
57,36,amet consectetuer adipiscing elit proin interdum mauris non ligula pellentesque ultrices phasellus id sapien
58,91,turpis integer aliquet massa id lobortis convallis tortor risus dapibus augue
59,94,amet sapien dignissim vestibulum vestibulum ante ipsum primis in faucibus orci luctus et ultrices posuere cubilia curae nulla dapibus dolor
60,5,maecenas tincidunt lacus at velit vivamus vel nulla eget eros elementum pellentesque quisque porta volutpat erat
61,83,nec nisi vulputate nonummy maecenas tincidunt lacus at velit vivamus vel
62,38,ipsum dolor sit amet consectetuer adipiscing elit proin risus praesent lectus vestibulum quam sapien
63,60,ante vivamus tortor duis mattis egestas metus aenean fermentum donec ut mauris eget
64,77,felis sed interdum venenatis turpis enim blandit mi in porttitor pede justo eu massa donec dapibus
65,90,rhoncus sed vestibulum sit amet cursus id turpis integer aliquet massa id lobortis convallis
66,39,eu nibh quisque id justo sit amet sapien dignissim vestibulum vestibulum ante ipsum primis in faucibus orci
67,90,imperdiet sapien urna pretium nisl ut volutpat sapien arcu sed augue aliquam erat volutpat in congue etiam justo etiam
68,75,aliquam lacus morbi quis tortor id nulla ultrices aliquet maecenas leo odio condimentum id luctus nec
69,76,nunc proin at turpis a pede posuere nonummy integer non velit donec diam neque
70,14,at lorem integer tincidunt ante vel ipsum praesent blandit lacinia erat vestibulum sed magna at nunc commodo placerat praesent
71,84,id ligula suspendisse ornare consequat lectus in est risus auctor sed tristique in tempus sit amet sem
72,82,curae nulla dapibus dolor vel est donec odio justo sollicitudin ut suscipit a feugiat et eros vestibulum ac est lacinia
73,50,orci mauris lacinia sapien quis libero nullam sit amet turpis
74,18,lacus purus aliquet at feugiat non pretium quis lectus suspendisse potenti in eleifend quam a odio in
75,24,a ipsum integer a nibh in quis justo maecenas rhoncus aliquam lacus morbi quis tortor
76,59,eget eros elementum pellentesque quisque porta volutpat erat quisque erat eros
77,89,vestibulum velit id pretium iaculis diam erat fermentum justo nec condimentum neque
78,85,cursus id turpis integer aliquet massa id lobortis convallis tortor risus dapibus augue vel accumsan tellus nisi eu orci mauris
79,22,platea dictumst etiam faucibus cursus urna ut tellus nulla ut erat id mauris vulputate
80,52,cubilia curae duis faucibus accumsan odio curabitur convallis duis consequat dui nec nisi volutpat eleifend donec ut dolor morbi vel
81,60,rhoncus aliquet pulvinar sed nisl nunc rhoncus dui vel sem sed sagittis nam congue risus
82,15,rutrum rutrum neque aenean auctor gravida sem praesent id massa id nisl venenatis lacinia
83,23,eu magna vulputate luctus cum sociis natoque penatibus et magnis dis parturient montes nascetur ridiculus mus vivamus
84,72,ut odio cras mi pede malesuada in imperdiet et commodo vulputate justo in blandit ultrices
85,100,viverra dapibus nulla suscipit ligula in lacus curabitur at ipsum ac tellus semper interdum mauris
86,51,cursus id turpis integer aliquet massa id lobortis convallis tortor risus dapibus augue vel
87,98,tellus semper interdum mauris ullamcorper purus sit amet nulla quisque arcu libero rutrum ac lobortis vel dapibus at diam nam
88,4,tincidunt nulla mollis molestie lorem quisque ut erat curabitur gravida nisi at nibh in hac
89,23,scelerisque mauris sit amet eros suspendisse accumsan tortor quis turpis sed ante
90,50,orci eget orci vehicula condimentum curabitur in libero ut massa volutpat convallis morbi odio odio elementum
91,19,non ligula pellentesque ultrices phasellus id sapien in sapien iaculis congue vivamus metus arcu adipiscing molestie hendrerit at vulputate vitae
92,51,leo odio condimentum id luctus nec molestie sed justo pellentesque viverra pede ac diam
93,34,aliquam sit amet diam in magna bibendum imperdiet nullam orci pede venenatis
94,21,nulla ac enim in tempor turpis nec euismod scelerisque quam turpis adipiscing lorem vitae mattis nibh ligula nec sem
95,13,et ultrices posuere cubilia curae nulla dapibus dolor vel est donec odio justo sollicitudin ut
96,90,tempus semper est quam pharetra magna ac consequat metus sapien ut nunc vestibulum ante ipsum primis in faucibus
97,19,massa id nisl venenatis lacinia aenean sit amet justo morbi ut odio cras mi
98,36,cubilia curae nulla dapibus dolor vel est donec odio justo sollicitudin
99,36,dis parturient montes nascetur ridiculus mus etiam vel augue vestibulum rutrum rutrum neque aenean auctor gravida sem praesent id massa
100,39,nisi at nibh in hac habitasse platea dictumst aliquam augue
